what,kind,bundleId,bundleVersion,description,time
stopped,bundle,org.eclipse.gmf.runtime.emf.type.core,1.2.0.v20090403-1720,"org.eclipse.gmf.runtime.emf.type.core",1397199329488
stopped,bundle,org.eclipse.gmf.runtime.emf.commands.core,1.2.0.v20090403-1720,"org.eclipse.gmf.runtime.emf.commands.core",1397199329488
stopped,bundle,org.eclipse.gmf.runtime.emf.core,1.2.2.v20091126-1420,"org.eclipse.gmf.runtime.emf.core",1397199329488
stopped,bundle,org.eclipse.gmf.runtime.notation.edit,1.2.0.v20091021-2333,"org.eclipse.gmf.runtime.notation.edit",1397199329488
stopped,bundle,org.eclipse.emf.ecore.edit,2.5.0.v200906151043,"org.eclipse.emf.ecore.edit",1397199329488
stopped,bundle,org.eclipse.xsd.edit,2.5.0.v200906151043,"org.eclipse.xsd.edit",1397199329488
stopped,bundle,org.eclipse.emf.databinding.edit,1.1.0.v200906151043,"org.eclipse.emf.databinding.edit",1397199329488
stopped,bundle,org.eclipse.emf.mapping,2.5.0.v200906151043,"org.eclipse.emf.mapping",1397199329488
stopped,bundle,org.eclipse.emf.workspace,1.3.0.v200902100422,"org.eclipse.emf.workspace",1397199329488
stopped,bundle,org.eclipse.emf.transaction,1.3.0.v200902010221,"org.eclipse.emf.transaction",1397199329488
stopped,bundle,org.eclipse.emf.validation,1.3.0.v200901271722,"org.eclipse.emf.validation",1397199329488
stopped,bundle,org.eclipse.emf.compare.diff,1.0.1.v200909161031,"org.eclipse.emf.compare.diff",1397199329488
stopped,bundle,org.eclipse.emf.compare.match,1.0.1.v200909161031,"org.eclipse.emf.compare.match",1397199329488
stopped,bundle,org.eclipse.emf.compare,1.0.1.v200909161031,"org.eclipse.emf.compare",1397199329488
stopped,bundle,org.eclipse.emf.mint,0.8.0.v200906161513,"org.eclipse.emf.mint",1397199329488
stopped,bundle,org.eclipse.wst.web,1.1.301.v200911302230,"org.eclipse.wst.web",1397199329488
stopped,bundle,org.eclipse.wst.common.modulecore,1.1.301.v201001252130,"org.eclipse.wst.common.modulecore",1397199329488
stopped,bundle,org.eclipse.wst.common.emfworkbench.integration,1.1.301.v200908101600,"org.eclipse.wst.common.emfworkbench.integration",1397199329488
stopped,bundle,org.eclipse.gmf.runtime.emf.clipboard.core,1.3.0.v20100113-1121,"org.eclipse.gmf.runtime.emf.clipboard.core",1397199329488
stopped,bundle,org.eclipse.emf.edit,2.5.0.v200906151043,"org.eclipse.emf.edit",1397199329488
stopped,bundle,org.eclipse.datatools.connectivity.sqm.core,1.1.1.v201001180200,"org.eclipse.datatools.connectivity.sqm.core",1397199329488
stopped,bundle,org.eclipse.emf.ecore.change,2.5.0.v200906151043,"org.eclipse.emf.ecore.change",1397199329488
stopped,bundle,org.eclipse.uml2.codegen.ecore,1.5.0.v200905151700,"org.eclipse.uml2.codegen.ecore",1397199329488
stopped,bundle,org.eclipse.emf.codegen.ecore,2.5.0.v200906151043,"org.eclipse.emf.codegen.ecore",1397199329488
stopped,bundle,org.eclipse.ocl.uml,2.0.0.v200905271400,"org.eclipse.ocl.uml",1397199329488
stopped,bundle,org.eclipse.uml2.diagram.sequence.model,0.9.0.v200906190654,"org.eclipse.uml2.diagram.sequence.model",1397199329488
stopped,bundle,org.eclipse.uml2.uml,3.0.1.v200908281330,"org.eclipse.uml2.uml",1397199329488
stopped,bundle,org.eclipse.emf.mapping.ecore2xml,2.5.0.v200906151043,"org.eclipse.emf.mapping.ecore2xml",1397199329488
stopped,bundle,org.eclipse.m2m.qvt.oml.ecore.imperativeocl,1.0.0.v20090515-1840,"org.eclipse.m2m.qvt.oml.ecore.imperativeocl",1397199329489
stopped,bundle,org.eclipse.emf.query.ocl,1.2.0.v200903190031,"org.eclipse.emf.query.ocl",1397199329489
stopped,bundle,org.eclipse.emf.ocl,1.1.101.v200901271800,"org.eclipse.emf.ocl",1397199329489
stopped,bundle,org.eclipse.m2m.qvt.oml.cst.parser,2.0.0.v20090526-1940,"org.eclipse.m2m.qvt.oml.cst.parser",1397199329489
stopped,bundle,org.eclipse.acceleo.model,0.8.1.v200909161003,"org.eclipse.acceleo.model",1397199329489
stopped,bundle,org.eclipse.m2m.qvt.oml.emf.util,2.0.1.v20090722-1630,"org.eclipse.m2m.qvt.oml.emf.util",1397199329489
stopped,bundle,org.eclipse.ocl.ecore,1.3.0.v200905271400,"org.eclipse.ocl.ecore",1397199329489
stopped,bundle,org.eclipse.ocl,1.3.0.v200905271400,"org.eclipse.ocl",1397199329489
stopped,bundle,org.eclipse.emf.teneo.orm,1.0.0.v200909151729,"org.eclipse.emf.teneo.orm",1397199329489
stopped,bundle,org.eclipse.emf.teneo,1.1.1.v200909151729,"org.eclipse.emf.teneo",1397199329489
stopped,bundle,org.eclipse.emf.teneo.annotations,1.1.0.v200909151729,"org.eclipse.emf.teneo.annotations",1397199329489
stopped,bundle,org.eclipse.wst.common.emf,1.1.301.v200908181930,"org.eclipse.wst.common.emf",1397199329489
stopped,bundle,org.eclipse.dltk.console,1.0.0.v20090610-1638,"org.eclipse.dltk.console",1397199329489
stopped,bundle,org.eclipse.dltk.debug,1.0.0.v20090613-1432,"org.eclipse.dltk.debug",1397199329489
stopped,bundle,org.eclipse.dltk.validators.core,1.0.0.v20090610-1638,"org.eclipse.dltk.validators.core",1397199329489
stopped,bundle,org.eclipse.dltk.core,1.0.2.v20100209-1928,"org.eclipse.dltk.core",1397199329990
stopped,bundle,org.eclipse.wst.validation,1.2.104.v200911120201,"org.eclipse.wst.validation",1397199329990
stopped,bundle,org.eclipse.wst.common.frameworks,1.1.300.v200904160730,"org.eclipse.wst.common.frameworks",1397199329990
stopped,bundle,org.eclipse.jem.util,2.0.201.v201001252130,"org.eclipse.jem.util",1397199329990
stopped,bundle,org.eclipse.m2m.atl.adt,3.0.2.v201001190421,"org.eclipse.m2m.atl.adt",1397199329990
stopped,bundle,org.eclipse.m2m.atl.engine,3.0.2.v201001190421,"org.eclipse.m2m.atl.engine",1397199329990
stopped,bundle,org.eclipse.m2m.atl.dsls,3.0.2.v201001190421,"org.eclipse.m2m.atl.dsls",1397199329990
stopped,bundle,org.eclipse.m2m.atl.engine.emfvm,3.0.2.v201001190421,"org.eclipse.m2m.atl.engine.emfvm",1397199329990
stopped,bundle,org.eclipse.emf.ecore.xmi,2.5.0.v200906151043,"org.eclipse.emf.ecore.xmi",1397199329991
stopped,bundle,org.eclipse.wst.wsdl,1.2.2.v200911111930,"org.eclipse.wst.wsdl",1397199329991
stopped,bundle,org.eclipse.xsd,2.5.0.v200906151043,"org.eclipse.xsd",1397199329991
stopped,bundle,org.eclipse.emf.databinding,1.1.0.v200906151043,"org.eclipse.emf.databinding",1397199329991
stopped,bundle,org.eclipse.emf.query,1.2.100.v200903190031,"org.eclipse.emf.query",1397199329991
stopped,bundle,org.eclipse.uml2.common,1.5.0.v200905041045,"org.eclipse.uml2.common",1397199329991
stopped,bundle,org.eclipse.emf.teneo.eclipselink.elistfactory,1.0.0.v200909151729,"org.eclipse.emf.teneo.eclipselink.elistfactory",1397199329991
stopped,bundle,org.eclipse.uml2.diagram.common.notation,0.9.0.v200906190654,"org.eclipse.uml2.diagram.common.notation",1397199329991
stopped,bundle,org.eclipse.emf.index.ui,0.7.0.v200908120607,"org.eclipse.emf.index.ui",1397199329991
stopped,bundle,org.eclipse.emf.index,0.7.0.v200908120607,"org.eclipse.emf.index",1397199329991
stopped,bundle,org.eclipse.datatools.modelbase.dbdefinition,1.0.1.v200906022249,"org.eclipse.datatools.modelbase.dbdefinition",1397199329991
stopped,bundle,org.eclipse.datatools.modelbase.sql,1.0.3.v200912150851,"org.eclipse.datatools.modelbase.sql",1397199329991
stopped,bundle,org.eclipse.gmf.runtime.notation,1.2.0.v20091021-2333,"org.eclipse.gmf.runtime.notation",1397199329991
stopped,bundle,org.eclipse.emf.ecore,2.5.0.v200906151043,"org.eclipse.emf.ecore",1397199329991
stopped,bundle,org.eclipse.emf.codegen,2.5.0.v200906151043,"org.eclipse.emf.codegen",1397199329991
stopped,bundle,org.eclipse.jst.server.core,1.2.1.v20100127,"org.eclipse.jst.server.core",1397199329991
stopped,bundle,org.eclipse.jst.common.project.facet.core,1.4.1.v200911141836,"org.eclipse.jst.common.project.facet.core",1397199329991
stopped,bundle,org.eclipse.jdt.launching,3.5.1.v20100108_r352,"org.eclipse.jdt.launching",1397199329991
stopped,bundle,org.eclipse.jdt.debug,3.5.0.v20090526,"org.eclipse.jdt.debug",1397199329991
stopped,bundle,org.eclipse.wst.common.core,1.1.201.v200806010600,"org.eclipse.wst.common.core",1397199329991
stopped,bundle,org.eclipse.wst.internet.cache,1.0.301.v200805140020,"org.eclipse.wst.internet.cache",1397199329991
stopped,bundle,org.eclipse.wst.common.uriresolver,1.1.301.v200805140415,"org.eclipse.wst.common.uriresolver",1397199329991
stopped,bundle,org.eclipse.gmf.runtime.common.ui.printing,1.3.0.v20100209-2200,"org.eclipse.gmf.runtime.common.ui.printing",1397199329992
stopped,bundle,org.eclipse.gmf.runtime.common.core,1.2.0.v20090403-1720,"org.eclipse.gmf.runtime.common.core",1397199329992
stopped,bundle,org.eclipse.wst.ws.service.policy.ui,1.0.102.v200903070248,"org.eclipse.wst.ws.service.policy.ui",1397199329992
stopped,bundle,org.eclipse.wst.ws.service.policy,1.0.103.v200905151848,"org.eclipse.wst.ws.service.policy",1397199329992
stopped,bundle,org.eclipse.rse.core,3.1.1.v200909160005,"org.eclipse.rse.core",1397199329992
stopped,bundle,org.eclipse.wst.common.environment,1.0.301.v200908101600,"org.eclipse.wst.common.environment",1397199329992
stopped,bundle,org.eclipse.datatools.connectivity.db.generic,1.0.1.v200908130547,"org.eclipse.datatools.connectivity.db.generic",1397199329992
stopped,bundle,org.eclipse.datatools.connectivity,1.1.3.v201001230803,"org.eclipse.datatools.connectivity",1397199329992
stopped,bundle,org.eclipse.wst.jsdt.core,1.0.201.v2010012803,"org.eclipse.wst.jsdt.core",1397199329992
stopped,bundle,org.eclipse.wst.server.core,1.1.102.v20100123,"org.eclipse.wst.server.core",1397199329992
stopped,bundle,org.eclipse.debug.core,3.5.1.v20091103_r352,"org.eclipse.debug.core",1397199329995
stopped,bundle,org.eclipse.jdt.core,3.5.2.v_981_R35x,"org.eclipse.jdt.core",1397199330495
stopped,bundle,org.tigris.subversion.subclipse.core,1.6.13,"org.tigris.subversion.subclipse.core",1397199330496
stopped,bundle,org.eclipse.team.core,3.5.1.r35x_20100113-0800,"org.eclipse.team.core",1397199330500
stopped,bundle,org.eclipse.gef,3.5.1.v20090910-2020,"org.eclipse.gef",1397199330500
stopped,bundle,org.eclipse.equinox.security.ui,1.0.100.v20090520-1800,"org.eclipse.equinox.security.ui",1397199330500
stopped,bundle,org.eclipse.ui.views.properties.tabbed,3.5.0.I20090429-1800,"org.eclipse.ui.views.properties.tabbed",1397199330500
stopped,bundle,org.eclipse.update.scheduler,3.2.200.v20081127,"org.eclipse.update.scheduler",1397199330500
stopped,bundle,org.eclipse.php.debug.daemon,2.1.1.v20090707-1108,"org.eclipse.php.debug.daemon",1397199330501
stopped,bundle,org.eclipse.php.help,2.1.1.v20090707-1108,"org.eclipse.php.help",1397199330502
stopped,bundle,org.eclipse.update.ui,3.2.201.R35x_v20090813,"org.eclipse.update.ui",1397199330502
stopped,bundle,org.eclipse.ui.forms,3.4.1.v20090714_35x,"org.eclipse.ui.forms",1397199330502
stopped,bundle,org.eclipse.ui.net,1.2.1.r35x_20090812-1200,"org.eclipse.ui.net",1397199330502
stopped,bundle,org.eclipse.ui.views,3.4.1.M20090826-0800,"org.eclipse.ui.views",1397199330502
activated,perspective,org.eclipse.jdt.ui,,"org.eclipse.jdt.ui.JavaPerspective",1397199419289
started,bundle,org.eclipse.osgi,3.5.2.R35x_v20100126,"org.eclipse.osgi",1397199419291
started,bundle,org.eclipse.core.filebuffers,3.5.0.v20090526-2000,"org.eclipse.core.filebuffers",1397199419293
started,bundle,org.eclipse.core.jobs,3.4.100.v20090429-1800,"org.eclipse.core.jobs",1397199419295
started,bundle,org.eclipse.core.runtime,3.5.0.v20090525,"org.eclipse.core.runtime",1397199419297
started,bundle,org.eclipse.core.runtime.compatibility,3.2.0.v20090413,"org.eclipse.core.runtime.compatibility",1397199419298
started,bundle,org.eclipse.core.runtime.compatibility.auth,3.2.100.v20090413,"org.eclipse.core.runtime.compatibility.auth",1397199419300
started,bundle,org.eclipse.emf.common,2.5.0.v200906151043,"org.eclipse.emf.common",1397199419302
started,bundle,org.eclipse.emf.ecore,2.5.0.v200906151043,"org.eclipse.emf.ecore",1397199419306
started,bundle,org.eclipse.emf.ecore.xmi,2.5.0.v200906151043,"org.eclipse.emf.ecore.xmi",1397199419309
started,bundle,org.eclipse.equinox.frameworkadmin,1.0.100.v20090520-1905,"org.eclipse.equinox.frameworkadmin",1397199419310
started,bundle,org.eclipse.equinox.p2.directorywatcher,1.0.100.v20090525,"org.eclipse.equinox.p2.directorywatcher",1397199419312
started,bundle,org.eclipse.equinox.p2.exemplarysetup,1.0.100.v20090520-1905,"org.eclipse.equinox.p2.exemplarysetup",1397199419314
started,bundle,org.eclipse.equinox.p2.garbagecollector,1.0.100.v20090520-1905,"org.eclipse.equinox.p2.garbagecollector",1397199419316
started,bundle,org.eclipse.equinox.p2.reconciler.dropins,1.0.100.v20090520-1905,"org.eclipse.equinox.p2.reconciler.dropins",1397199419318
started,bundle,org.eclipse.equinox.p2.ui.sdk.scheduler,1.0.0.v20090520-1905,"org.eclipse.equinox.p2.ui.sdk.scheduler",1397199419319
started,bundle,org.eclipse.equinox.p2.updatechecker,1.1.0.v20090520-1905,"org.eclipse.equinox.p2.updatechecker",1397199419320
started,bundle,org.eclipse.equinox.registry,3.4.100.v20090520-1800,"org.eclipse.equinox.registry",1397199419321
started,bundle,org.eclipse.equinox.security,1.0.100.v20090520-1800,"org.eclipse.equinox.security",1397199419324
started,bundle,org.eclipse.equinox.util,1.0.100.v20090520-1800,"org.eclipse.equinox.util",1397199419325
started,bundle,org.eclipse.jdt.core.manipulation,1.3.0.v20090603,"org.eclipse.jdt.core.manipulation",1397199419327
started,bundle,org.eclipse.jsch.core,1.1.100.I20090430-0408,"org.eclipse.jsch.core",1397199419328
started,bundle,org.eclipse.mylyn.commons.net,3.2.0.v20090617-0100-e3x,"org.eclipse.mylyn.commons.net",1397199419328
started,bundle,org.eclipse.team.cvs.core,3.3.200.I20090430-0408,"org.eclipse.team.cvs.core",1397199419329
started,bundle,org.eclipse.team.ui,3.5.0.I20090430-0408,"org.eclipse.team.ui",1397199419331
started,bundle,org.eclipse.ui.console,3.4.0.v20090513,"org.eclipse.ui.console",1397199419332
started,bundle,org.eclipse.ui.editors,3.5.0.v20090527-2000,"org.eclipse.ui.editors",1397199419334
started,bundle,org.eclipse.update.configurator,3.3.0.v20090312,"org.eclipse.update.configurator",1397199419335
started,bundle,org.eclipse.update.core,3.2.300.v20090525,"org.eclipse.update.core",1397199419336
started,bundle,org.eclipse.update.scheduler,3.2.200.v20081127,"org.eclipse.update.scheduler",1397199419338
started,bundle,org.eclipse.emf.validation,1.3.0.v200901271722,"org.eclipse.emf.validation",1397199419340
started,bundle,org.eclipse.jet.ui,1.0.0.v200906120900,"org.eclipse.jet.ui",1397199419341
started,bundle,org.eclipse.wst.ws.service.policy.ui,1.0.102.v200903070248,"org.eclipse.wst.ws.service.policy.ui",1397199419342
started,bundle,org.eclipse.equinox.simpleconfigurator,1.0.101.R35x_v20090807-1100,"org.eclipse.equinox.simpleconfigurator",1397199419343
started,bundle,com.ibm.icu,4.0.1.v20090822,"com.ibm.icu",1397199419344
started,bundle,org.eclipse.core.contenttype,3.4.1.R35x_v20090826-0451,"org.eclipse.core.contenttype",1397199419345
started,bundle,org.eclipse.core.databinding.observable,1.2.0.M20090902-0800,"org.eclipse.core.databinding.observable",1397199419346
started,bundle,org.eclipse.core.net,1.2.1.r35x_20090812-1200,"org.eclipse.core.net",1397199419347
started,bundle,org.eclipse.dltk.launching,1.0.1.v20090910-1601,"org.eclipse.dltk.launching",1397199419349
started,bundle,org.eclipse.ecf,3.0.0.v20090831-1906,"org.eclipse.ecf",1397199419351
started,bundle,org.eclipse.ecf.filetransfer,3.0.0.v20090831-1906,"org.eclipse.ecf.filetransfer",1397199419352
started,bundle,org.eclipse.ecf.identity,3.0.0.v20090831-1906,"org.eclipse.ecf.identity",1397199419353
started,bundle,org.eclipse.ecf.provider.filetransfer,3.0.1.v20090831-1906,"org.eclipse.ecf.provider.filetransfer",1397199419354
started,bundle,org.eclipse.ecf.provider.filetransfer.httpclient,3.0.1.v20090831-1906,"org.eclipse.ecf.provider.filetransfer.httpclient",1397199419355
started,bundle,org.eclipse.equinox.common,3.5.1.R35x_v20090807-1100,"org.eclipse.equinox.common",1397199419356
started,bundle,org.eclipse.equinox.ds,1.1.1.R35x_v20090806,"org.eclipse.equinox.ds",1397199419357
started,bundle,org.eclipse.equinox.p2.core,1.0.101.R35x_v20090819,"org.eclipse.equinox.p2.core",1397199419358
started,bundle,org.eclipse.equinox.p2.metadata.repository,1.0.101.R35x_v20090812,"org.eclipse.equinox.p2.metadata.repository",1397199419359
started,bundle,org.eclipse.help,3.4.1.v20090805_35x,"org.eclipse.help",1397199419360
started,bundle,org.eclipse.php.debug.daemon,2.1.1.v20090707-1108,"org.eclipse.php.debug.daemon",1397199419361
started,bundle,org.eclipse.php.server.core,2.1.1.v20090707-1108,"org.eclipse.php.server.core",1397199419362
started,bundle,org.eclipse.search,3.5.1.r351_v20090708-0800,"org.eclipse.search",1397199419364
started,bundle,org.eclipse.ui.forms,3.4.1.v20090714_35x,"org.eclipse.ui.forms",1397199419365
started,bundle,org.eclipse.ui.net,1.2.1.r35x_20090812-1200,"org.eclipse.ui.net",1397199419366
started,bundle,org.eclipse.ui.views,3.4.1.M20090826-0800,"org.eclipse.ui.views",1397199419367
started,bundle,org.eclipse.ui.views.log,1.0.100.v20090731,"org.eclipse.ui.views.log",1397199419368
started,bundle,org.eclipse.uml2.diagram.common,0.9.0.v200906190654,"org.eclipse.uml2.diagram.common",1397199419369
started,bundle,org.eclipse.uml2.uml,3.0.1.v200908281330,"org.eclipse.uml2.uml",1397199419371
started,bundle,org.eclipse.xtend.typesystem.emf.ui,0.7.2.v200908120436,"org.eclipse.xtend.typesystem.emf.ui",1397199419372
started,bundle,org.tigris.subversion.subclipse.mylyn,3.0.0,"org.tigris.subversion.subclipse.mylyn",1397199419373
started,bundle,org.eclipse.core.expressions,3.4.101.R35x_v20100209,"org.eclipse.core.expressions",1397199419373
started,bundle,org.eclipse.core.filesystem,1.2.1.R35x_v20091203-1235,"org.eclipse.core.filesystem",1397199419374
started,bundle,org.eclipse.core.resources,3.5.2.R35x_v20091203-1235,"org.eclipse.core.resources",1397199419375
started,bundle,org.eclipse.debug.core,3.5.1.v20091103_r352,"org.eclipse.debug.core",1397199419376
started,bundle,org.eclipse.debug.ui,3.5.2.v20091028_r352,"org.eclipse.debug.ui",1397199419377
started,bundle,org.eclipse.dltk.core,1.0.2.v20100209-1928,"org.eclipse.dltk.core",1397199419377
started,bundle,org.eclipse.dltk.ui,1.0.2.v20100209-1928,"org.eclipse.dltk.ui",1397199419379
started,bundle,org.eclipse.epp.usagedata.gathering,1.1.1.R201001291118,"org.eclipse.epp.usagedata.gathering",1397199419379
started,bundle,org.eclipse.epp.usagedata.recording,1.1.1.R201001291118,"org.eclipse.epp.usagedata.recording",1397199419380
started,bundle,org.eclipse.equinox.app,1.2.1.R35x_v20091203,"org.eclipse.equinox.app",1397199419381
started,bundle,org.eclipse.equinox.frameworkadmin.equinox,1.0.101.R35x_v20091214,"org.eclipse.equinox.frameworkadmin.equinox",1397199419381
started,bundle,org.eclipse.equinox.p2.director,1.0.101.R35x_v20100112,"org.eclipse.equinox.p2.director",1397199419382
started,bundle,org.eclipse.equinox.p2.engine,1.0.102.R35x_v20091117,"org.eclipse.equinox.p2.engine",1397199419382
started,bundle,org.eclipse.equinox.p2.repository,1.0.1.R35x_v20100105,"org.eclipse.equinox.p2.repository",1397199419383
started,bundle,org.eclipse.equinox.preferences,3.2.301.R35x_v20091117,"org.eclipse.equinox.preferences",1397199419384
started,bundle,org.eclipse.equinox.simpleconfigurator.manipulator,1.0.101.R35x_v20100209,"org.eclipse.equinox.simpleconfigurator.manipulator",1397199419384
started,bundle,org.eclipse.jdt.core,3.5.2.v_981_R35x,"org.eclipse.jdt.core",1397199419386
started,bundle,org.eclipse.jdt.ui,3.5.2.r352_v20100106-0800,"org.eclipse.jdt.ui",1397199419390
started,bundle,org.eclipse.jface,3.5.2.M20100120-0800,"org.eclipse.jface",1397199419391
started,bundle,org.eclipse.m2m.atl.adt.ui,3.0.2.v201001190421,"org.eclipse.m2m.atl.adt.ui",1397199419392
started,bundle,org.eclipse.mylyn.bugzilla.core,3.2.3.v20100217-0100-e3x,"org.eclipse.mylyn.bugzilla.core",1397199419392
started,bundle,org.eclipse.mylyn.bugzilla.ui,3.2.3.v20100217-0100-e3x,"org.eclipse.mylyn.bugzilla.ui",1397199419393
started,bundle,org.eclipse.mylyn.commons.ui,3.2.3.v20100217-0100-e3x,"org.eclipse.mylyn.commons.ui",1397199419394
started,bundle,org.eclipse.mylyn.context.core,3.2.3.v20100217-0100-e3x,"org.eclipse.mylyn.context.core",1397199419394
started,bundle,org.eclipse.mylyn.context.ui,3.2.3.v20100217-0100-e3x,"org.eclipse.mylyn.context.ui",1397199419395
started,bundle,org.eclipse.mylyn.monitor.ui,3.2.3.v20100217-0100-e3x,"org.eclipse.mylyn.monitor.ui",1397199419396
started,bundle,org.eclipse.mylyn.tasks.ui,3.2.3.v20100217-0100-e3x,"org.eclipse.mylyn.tasks.ui",1397199419397
started,bundle,org.eclipse.mylyn.team.ui,3.2.3.v20100217-0100-e3x,"org.eclipse.mylyn.team.ui",1397199419398
started,bundle,org.eclipse.pde.ui,3.5.1.v201001121200,"org.eclipse.pde.ui",1397199419399
started,bundle,org.eclipse.php.core,2.1.1.v20090921-1100,"org.eclipse.php.core",1397199419401
started,bundle,org.eclipse.php.debug.core,2.1.1.v20090921-1100,"org.eclipse.php.debug.core",1397199419401
started,bundle,org.eclipse.php.debug.ui,2.1.1.v20090921-1100,"org.eclipse.php.debug.ui",1397199419402
started,bundle,org.eclipse.php.ui,2.1.1.v20090921-1100,"org.eclipse.php.ui",1397199419403
started,bundle,org.eclipse.team.core,3.5.1.r35x_20100113-0800,"org.eclipse.team.core",1397199419404
started,bundle,org.eclipse.team.cvs.ui,3.3.202.r35x_20090930-0800,"org.eclipse.team.cvs.ui",1397199419405
started,bundle,org.eclipse.ui,3.5.2.M20100120-0800,"org.eclipse.ui",1397199419406
started,bundle,org.eclipse.ui.ide,3.5.2.M20100113-0800,"org.eclipse.ui.ide",1397199419407
started,bundle,org.eclipse.ui.workbench,3.5.2.M20100113-0800,"org.eclipse.ui.workbench",1397199419408
started,bundle,org.eclipse.ui.workbench.texteditor,3.5.1.r352_v20100105,"org.eclipse.ui.workbench.texteditor",1397199419409
started,bundle,org.eclipse.wst.common.project.facet.core,1.4.1.v200911141735,"org.eclipse.wst.common.project.facet.core",1397199419409
started,bundle,org.eclipse.wst.sse.core,1.1.402.v201001251516,"org.eclipse.wst.sse.core",1397199419410
started,bundle,org.eclipse.wst.sse.ui,1.1.102.v200910200227,"org.eclipse.wst.sse.ui",1397199419410
started,bundle,org.eclipse.wst.web,1.1.301.v200911302230,"org.eclipse.wst.web",1397199419411
started,bundle,org.tigris.subversion.clientadapter,1.6.12,"org.tigris.subversion.clientadapter",1397199419411
started,bundle,org.tigris.subversion.subclipse.core,1.6.13,"org.tigris.subversion.subclipse.core",1397199419412
os,sysinfo,,,"win32",1397199419414
arch,sysinfo,,,"x86",1397199419414
ws,sysinfo,,,"win32",1397199419414
locale,sysinfo,,,"fr_CH",1397199419414
processors,sysinfo,,,"8",1397199419414
java.runtime.name,sysinfo,,,"Java(TM) SE Runtime Environment",1397199419414
java.runtime.version,sysinfo,,,"1.7.0_51-b13",1397199419414
java.specification.name,sysinfo,,,"Java Platform API Specification",1397199419414
java.specification.vendor,sysinfo,,,"Oracle Corporation",1397199419414
java.specification.version,sysinfo,,,"1.7",1397199419414
java.vendor,sysinfo,,,"Oracle Corporation",1397199419414
java.version,sysinfo,,,"1.7.0_51",1397199419414
java.vm.info,sysinfo,,,"mixed mode, sharing",1397199419414
java.vm.name,sysinfo,,,"Java HotSpot(TM) Client VM",1397199419414
java.vm.specification.name,sysinfo,,,"Java Virtual Machine Specification",1397199419414
java.vm.specification.vendor,sysinfo,,,"Oracle Corporation",1397199419414
java.vm.specification.version,sysinfo,,,"1.7",1397199419414
java.vm.vendor,sysinfo,,,"Oracle Corporation",1397199419414
java.vm.version,sysinfo,,,"24.51-b03",1397199419414
started,bundle,org.eclipse.ltk.core.refactoring,3.5.0.v20090513-2000,"org.eclipse.ltk.core.refactoring",1397199432221
started,bundle,org.eclipse.ltk.ui.refactoring,3.4.101.r352_v20100209,"org.eclipse.ltk.ui.refactoring",1397199432226
started,bundle,org.eclipse.compare,3.5.2.r35x_20100113-0800,"org.eclipse.compare",1397199432418
deactivated,workbench,org.eclipse.ui.workbench,3.5.2.M20100113-0800,"",1397199432625
activated,workbench,org.eclipse.ui.workbench,3.5.2.M20100113-0800,"",1397199441415
executed,command,org.eclipse.jdt.ui,3.5.2.r352_v20100106-0800,"org.eclipse.jdt.ui.refactor.migrate.jar",1397199441487
started,bundle,org.eclipse.ui.externaltools,3.2.0.v20090504,"org.eclipse.ui.externaltools",1397199450798
deactivated,workbench,org.eclipse.ui.workbench,3.5.2.M20100113-0800,"",1397199455279
activated,workbench,org.eclipse.ui.workbench,3.5.2.M20100113-0800,"",1397199456852
failed,command,org.eclipse.ui.externaltools,3.2.0.v20090504,"org.eclipse.ui.externalTools.commands.OpenExternalToolsConfigurations",1397199456872
deactivated,workbench,org.eclipse.ui.workbench,3.5.2.M20100113-0800,"",1397199457722
activated,workbench,org.eclipse.ui.workbench,3.5.2.M20100113-0800,"",1397199459571
closed,workbench,org.eclipse.ui.workbench,3.5.2.M20100113-0800,"",1397199459684
stopped,bundle,org.eclipse.team.cvs.ssh2,3.2.200.I20090508-2000,"org.eclipse.team.cvs.ssh2",1397199460134
stopped,bundle,org.eclipse.team.cvs.ssh,3.2.100.I20090508-2000,"org.eclipse.team.cvs.ssh",1397199460135
stopped,bundle,org.eclipse.team.cvs.ui,3.3.202.r35x_20090930-0800,"org.eclipse.team.cvs.ui",1397199460135
stopped,bundle,org.eclipse.team.cvs.core,3.3.200.I20090430-0408,"org.eclipse.team.cvs.core",1397199460135
stopped,bundle,org.eclipse.jsch.ui,1.1.200.r35x_20100210-1114,"org.eclipse.jsch.ui",1397199460136
stopped,bundle,org.eclipse.jsch.core,1.1.100.I20090430-0408,"org.eclipse.jsch.core",1397199460136
stopped,bundle,org.eclipse.help.webapp,3.4.1.v20091009_35x,"org.eclipse.help.webapp",1397199460136
stopped,bundle,org.eclipse.jst.ws.axis.creation.ui,1.0.406.v200903031852,"org.eclipse.jst.ws.axis.creation.ui",1397199460137
stopped,bundle,org.eclipse.jst.ws.axis.consumption.ui,1.0.405.v200901261650,"org.eclipse.jst.ws.axis.consumption.ui",1397199460137
stopped,bundle,org.eclipse.jst.ws.uddiregistry,1.0.400.v200901261650,"org.eclipse.jst.ws.uddiregistry",1397199460138
stopped,bundle,org.eclipse.jst.ws.creation.ui,1.0.409.v200911241856,"org.eclipse.jst.ws.creation.ui",1397199460138
stopped,bundle,org.eclipse.jst.ws.consumption.ui,1.1.106.v200911241851,"org.eclipse.jst.ws.consumption.ui",1397199460139
stopped,bundle,org.eclipse.jst.ws.ui,1.0.402.v200903111822,"org.eclipse.jst.ws.ui",1397199460139
